code,kis_sector,kis_market,updated_at
000060,UNKNOWN,KOSPI,2026-08-31T03:46:30.328932+00:00
000100,제약,KOSPI200,2026-08-31T03:44:18.603177+00:00
000120,운송·창고,KOSPI200,2026-08-31T03:44:22.208250+00:00
000150,전기·전자,KOSPI200,2026-08-29T15:36:45.415538+00:00
000250,제약,KSQ150,2026-08-29T15:38:15.206650+00:00
000270,운송장비·부품,KOSPI200,2026-08-29T15:36:14.177528+00:00
000500,전기·전자,KOSPI,2026-08-31T03:48:04.106961+00:00
000660,전기·전자,KOSPI200,2026-08-29T15:35:58.858351+00:00
000720,건설,KOSPI200,2026-08-29T15:37:04.675909+00:00
000810,보험,KOSPI200,2026-08-29T15:36:25.547268+00:00
000880,화학,KOSPI200,2026-08-29T15:37:47.974665+00:00
000990,전기·전자,KOSPI200,2026-08-31T03:47:17.824499+00:00
0009K0,일반서비스,KSQ150,2026-08-29T15:40:31.861956+00:00
001040,금융,KOSPI200,2026-08-31T03:47:38.596700+00:00
001440,전기·전자,KOSPI200,2026-08-31T03:47:58.342551+00:00
001450,보험,KOSPI200,2026-08-31T03:47:26.566352+00:00
001570,화학,KOSPI,2026-08-31T03:47:36.067984+00:00
002380,화학,KOSPI200,2026-08-31T03:46:26.221594+00:00
002790,화학,KOSPI200,2026-08-31T03:44:25.997441+00:00
003100,운송·창고,KOSDAQ,2026-09-04T04:28:11.933218+00:00
003230,음식료·담배,KOSPI200,2026-08-29T15:37:11.512541+00:00
003380,금융,KSQ150,2026-08-29T15:39:23.875871+00:00
003410,UNKNOWN,KOSPI,2026-08-31T03:44:28.832234+00:00
003490,운송·창고,KOSPI200,2026-08-29T15:37:17.235162+00:00
003550,금융,KOSPI200,2026-08-29T15:36:53.877373+00:00
003670,전기·전자,KOSPI200,2026-08-29T15:36:59.004459+00:00
004020,금속,KOSPI200,2026-08-31T03:44:32.381562+00:00
004170,유통,KOSPI200,2026-08-31T03:48:09.750340+00:00
004370,음식료·담배,KOSPI200,2026-09-04T04:29:46.895363+00:00
004990,금융,KOSPI200,2026-08-31T03:46:19.679932+00:00
005070,화학,KOSPI,2026-08-31T03:47:34.113022+00:00
005290,화학,KSQ150,2026-08-29T15:38:48.180805+00:00
005380,운송장비·부품,KOSPI200,2026-08-29T15:36:05.110008+00:00
005385,운송장비·부품,KOSPI,2026-08-31T03:47:53.163613+00:00
005387,운송장비·부품,KOSPI,2026-08-29T15:37:51.957690+00:00
005420,화학,KOSPI200,2026-09-04T04:29:06.342370+00:00
005490,금속,KOSPI200,2026-08-29T15:36:32.927719+00:00
005830,보험,KOSPI200,2026-08-29T15:37:09.234310+00:00
005930,전기·전자,KOSPI200,2026-08-29T15:35:57.167153+00:00
005935,전기·전자,KOSPI,2026-08-29T15:35:59.433372+00:00
005940,증권,KOSPI200,2026-08-29T15:37:25.174226+00:00
006260,금융,KOSPI200,2026-08-29T15:37:26.894544+00:00
006280,제약,KOSPI200,2026-08-31T03:44:36.516505+00:00
006360,건설,KOSPI,2026-08-31T03:44:40.927288+00:00
006400,전기·전자,KOSPI200,2026-08-29T15:36:16.443240+00:00
006730,일반서비스,KSQ150,2026-09-04T04:32:57.318092+00:00
006800,증권,KOSPI200,2026-08-29T15:36:47.674868+00:00
007070,유통,KOSPI200,2026-08-31T03:47:30.656378+00:00
007390,제약,KSQ150,2026-08-29T15:39:03.478560+00:00
007660,전기·전자,KOSPI200,2026-08-29T15:37:37.127682+00:00
008560,UNKNOWN,KOSPI,2026-08-31T03:46:22.901952+00:00
008770,유통,KOSPI200,2026-08-31T03:47:00.086688+00:00
008930,금융,KOSPI200,2026-08-31T03:44:44.438744+00:00
009150,전기·전자,KOSPI200,2026-08-29T15:36:02.840932+00:00
009520,금속,KSQ150,2026-09-04T04:28:55.865746+00:00
009540,금융,KOSPI200,2026-08-29T15:36:33.502442+00:00
009830,화학,KOSPI200,2026-08-29T15:37:43.965629+00:00
010060,금융,KOSPI200,2026-08-31T03:46:52.906148+00:00
010120,전기·전자,KOSPI200,2026-08-29T15:36:24.977318+00:00
010130,금속,KOSPI200,2026-08-29T15:36:29.518473+00:00
010140,운송장비·부품,KOSPI200,2026-08-29T15:36:50.514106+00:00
010170,전기·전자,KOSDAQ,2026-08-29T15:38:44.209868+00:00
010620,UNKNOWN,KOSPI,2026-08-31T03:47:21.148135+00:00
010950,화학,KOSPI200,2026-08-29T15:36:56.691954+00:00
011070,전기·전자,KOSPI200,2026-08-29T15:37:04.101253+00:00
011170,화학,KOSPI200,2026-08-31T03:44:47.766649+00:00
011200,운송·창고,KOSPI200,2026-08-29T15:36:41.433124+00:00
011780,화학,KOSPI200,2026-08-31T03:44:51.044319+00:00
011790,화학,KOSPI200,2026-08-31T03:44:54.700877+00:00
012330,운송장비·부품,KOSPI200,2026-08-29T15:36:18.703335+00:00
012450,운송장비·부품,KOSPI200,2026-08-29T15:36:10.216895+00:00
0126Z0,금융,KOSPI200,2026-08-29T15:40:30.173623+00:00
012750,일반서비스,KOSPI200,2026-09-04T04:27:19.749276+00:00
014620,금속,KSQ150,2026-08-29T15:39:52.887589+00:00
014680,화학,KOSPI200,2026-08-31T03:46:40.903310+00:00
015750,운송장비·부품,KSQ150,2026-09-04T04:29:02.503788+00:00
015760,전기·가스,KOSPI200,2026-08-29T15:36:40.861077+00:00
016360,증권,KOSPI200,2026-08-29T15:37:39.987194+00:00
016790,음식료·담배,KOSDAQ,2026-09-04T04:27:55.593419+00:00
017670,통신,KOSPI200,2026-08-29T15:36:37.468717+00:00
018260,IT 서비스,KOSPI200,2026-08-29T15:36:49.943574+00:00
018290,화학,KSQ150,2026-09-04T04:29:59.123119+00:00
018880,기계·장비,KOSPI200,2026-08-31T03:44:57.394855+00:00
019170,제약,KOSPI,2026-08-31T03:45:00.360582+00:00
019210,금속,KOSDAQ,2026-09-04T04:33:54.318118+00:00
020150,전기·전자,KOSPI,2026-08-31T03:46:33.847220+00:00
021240,일반서비스,KOSPI200,2026-08-29T15:37:48.552280+00:00
022100,일반서비스,KOSPI200,2026-08-31T03:47:48.786866+00:00
023160,금속,KOSDAQ,2026-09-04T04:32:09.584372+00:00
023530,유통,KOSPI200,2026-09-04T04:28:14.230641+00:00
024110,금융,KOSPI200,2026-08-29T15:36:57.268890+00:00
025320,전기·전자,KSQ150,2026-09-04T04:30:23.079707+00:00
025770,통신,KOSDAQ,2026-09-04T04:28:23.548006+00:00
025900,종이·목재,KSQ150,2026-09-04T04:23:51.835629+00:00
025950,건설,KOSDAQ,2026-09-04T04:31:53.568889+00:00
025980,일반서비스,KSQ150,2026-09-04T04:23:52.400712+00:00
026960,유통,KOSPI200,2026-08-31T03:47:09.578176+00:00
027360,금융,KOSDAQ,2026-09-04T04:23:56.065550+00:00
028050,일반서비스,KOSPI200,2026-08-29T15:37:27.467245+00:00
028260,유통,KOSPI200,2026-08-29T15:36:08.517420+00:00
028300,제약,KSQ150,2026-08-29T15:38:08.420478+00:00
028670,운송·창고,KOSPI200,2026-08-31T03:45:03.728356+00:00
029780,금융,KOSPI200,2026-08-31T03:45:08.626647+00:00
030000,일반서비스,KOSPI200,2026-08-31T03:47:28.872368+00:00
030190,IT 서비스,KOSPI,2026-09-04T04:23:58.993122+00:00
030200,통신,KOSPI200,2026-08-29T15:37:06.971094+00:00
030520,IT 서비스,KSQ150,2026-09-04T04:27:37.703706+00:00
030530,화학,KSQ150,2026-08-29T15:39:10.826337+00:00
030960,출판·매체복제,KOSDAQ,2026-09-04T04:28:25.528033+00:00
031330,유통,KOSDAQ,2026-08-29T15:39:59.687471+00:00
031980,기계·장비,KSQ150,2026-08-29T15:38:36.246979+00:00
032190,유통,KSQ150,2026-09-04T04:28:28.795020+00:00
032300,제약,KOSDAQ,2026-09-04T04:26:51.354162+00:00
032500,전기·전자,KSQ150,2026-09-04T04:24:01.521225+00:00
032640,통신,KOSPI200,2026-08-31T03:45:13.730166+00:00
032820,전기·전자,KSQ150,2026-08-29T15:38:46.468168+00:00
032830,보험,KOSPI200,2026-08-29T15:36:06.261248+00:00
033100,전기·전자,KSQ150,2026-09-04T04:31:06.021314+00:00
033290,유통,KOSDAQ,2026-09-04T04:27:08.143129+00:00
033500,화학,KSQ150,2026-09-04T04:32:13.820826+00:00
033640,전기·전자,KOSDAQ,2026-09-04T04:24:04.283947+00:00
033780,음식료·담배,KOSPI200,2026-08-29T15:36:52.195321+00:00
033790,전기·전자,KOSDAQ,2026-09-04T04:33:47.221611+00:00
034020,기계·장비,KOSPI200,2026-08-29T15:36:11.926036+00:00
034220,전기·전자,KOSPI200,2026-08-31T03:45:18.738135+00:00
034230,오락·문화,KOSPI200,2026-09-04T04:24:07.676232+00:00
034730,금융,KOSPI200,2026-08-29T15:36:19.276602+00:00
035080,유통,KOSDAQ,2026-09-04T04:24:11.313522+00:00
035250,오락·문화,KOSPI200,2026-08-31T03:45:22.348663+00:00
035420,IT 서비스,KOSPI200,2026-08-29T15:36:21.555113+00:00
035720,IT 서비스,KOSPI200,2026-08-29T15:36:59.576707+00:00
035760,오락·문화,KSQ150,2026-08-31T03:46:56.878042+00:00
035900,오락·문화,KSQ150,2026-08-29T15:39:14.253001+00:00
036460,전기·가스,KOSPI200,2026-08-31T03:46:44.018630+00:00
036490,UNKNOWN,KOSPI,2026-08-31T03:45:26.262532+00:00
036540,전기·전자,KSQ150,2026-08-29T15:39:38.119343+00:00
036570,IT 서비스,KOSPI200,2026-08-31T03:45:29.210519+00:00
036810,전기·전자,KSQ150,2026-09-04T04:31:16.097487+00:00
036830,일반서비스,KSQ150,2026-08-29T15:39:39.267822+00:00
036930,기계·장비,KSQ150,2026-08-29T15:38:03.857783+00:00
038500,비금속,KSQ150,2026-08-29T15:39:48.901987+00:00
039030,기계·장비,KSQ150,2026-08-29T15:38:07.841935+00:00
039200,제약,KSQ150,2026-08-29T15:39:16.508804+00:00
039490,증권,KOSPI200,2026-08-29T15:37:46.274902+00:00
039840,의료·정밀기기,KOSDAQ,2026-09-04T04:26:26.927399+00:00
041140,UNKNOWN,KOSPI,2026-09-04T04:27:41.330413+00:00
041190,금융,KSQ150,2026-09-04T04:27:14.216848+00:00
041510,오락·문화,KSQ150,2026-08-29T15:39:01.205257+00:00
041830,의료·정밀기기,KOSDAQ,2026-09-04T04:33:55.980711+00:00
042000,IT 서비스,KSQ150,2026-09-04T04:26:32.902169+00:00
042420,IT 서비스,KOSDAQ,2026-09-04T04:27:46.747208+00:00
042600,전기·전자,KOSDAQ,2026-09-04T04:29:00.799194+00:00
042660,운송장비·부품,KOSPI200,2026-08-29T15:36:31.213493+00:00
042700,기계·장비,KOSPI200,2026-08-29T15:36:39.151145+00:00
043150,의료·정밀기기,KOSDAQ,2026-09-04T04:29:15.111445+00:00
043260,전기·전자,KSQ150,2026-08-29T15:39:27.852836+00:00
044490,금속,KOSDAQ,2026-09-04T04:32:41.135638+00:00
046890,전기·전자,KOSDAQ,2026-09-04T04:24:14.524925+00:00
047040,건설,KOSPI200,2026-08-29T15:37:38.277673+00:00
047050,유통,KOSPI200,2026-08-29T15:37:31.446145+00:00
047310,전기·전자,KOSDAQ,2026-09-04T04:29:50.495389+00:00
047810,운송장비·부품,KOSPI200,2026-08-29T15:37:07.542749+00:00
047920,일반서비스,KOSDAQ,2026-09-04T04:28:21.800246+00:00
048260,UNKNOWN,KOSPI,2026-09-04T04:24:16.667740+00:00
048410,화학,KSQ150,2026-09-04T04:24:18.736157+00:00
048530,제약,KOSDAQ,2026-09-04T04:24:20.833000+00:00
049070,전기·전자,KOSDAQ,2026-09-04T04:27:56.985974+00:00
051900,화학,KOSPI200,2026-08-31T03:45:32.793263+00:00
051910,화학,KOSPI200,2026-08-29T15:36:48.245892+00:00
051915,화학,KOSPI,2026-08-31T03:47:40.852073+00:00
051980,전기·전자,KOSDAQ,2026-09-04T04:31:24.543028+00:00
052020,유통,KOSDAQ,2026-09-04T04:28:18.108155+00:00
052400,IT 서비스,KSQ150,2026-09-04T04:32:22.122142+00:00
052690,일반서비스,KOSPI200,2026-08-31T03:47:06.245720+00:00
053030,제약,KOSDAQ,2026-09-04T04:31:37.806568+00:00
053610,기계·장비,KOSDAQ,2026-09-04T04:29:22.362275+00:00
053800,IT 서비스,KSQ150,2026-09-04T04:27:05.586092+00:00
055550,금융,KOSPI200,2026-08-29T15:36:12.498823+00:00
056080,기계·장비,KSQ150,2026-09-04T04:32:28.043816+00:00
056190,기계·장비,KSQ150,2026-08-29T15:39:45.497306+00:00
058470,전기·전자,KSQ150,2026-08-29T15:38:06.144465+00:00
058610,전기·전자,KSQ150,2026-08-29T15:38:50.457542+00:00
058970,IT 서비스,KOSDAQ,2026-09-04T04:29:10.840751+00:00
060250,금융,KSQ150,2026-09-04T04:24:26.102818+00:00
060280,유통,KSQ150,2026-09-04T04:29:20.760002+00:00
060370,건설,KSQ150,2026-08-29T15:38:59.503854+00:00
062040,전기·전자,KOSPI200,2026-08-31T03:48:02.041327+00:00
063080,IT 서비스,KOSDAQ,2026-09-04T04:27:22.823231+00:00
064260,IT 서비스,KOSDAQ,2026-09-04T04:27:32.182608+00:00
064350,운송장비·부품,KOSPI200,2026-08-29T15:37:02.429883+00:00
064400,IT 서비스,KOSPI200,2026-08-29T15:37:44.543163+00:00
064550,제약,KOSDAQ,2026-09-04T04:24:30.591450+00:00
064760,비금속,KSQ150,2026-08-29T15:38:30.543659+00:00
065350,전기·전자,KSQ150,2026-08-29T15:39:55.152121+00:00
065660,유통,KOSDAQ,2026-09-04T04:24:34.110898+00:00
066570,전기·전자,KOSPI200,2026-08-29T15:36:23.250634+00:00
066970,전기·전자,KOSPI200,2026-08-31T03:47:50.104931+00:00
067160,IT 서비스,KSQ150,2026-09-04T04:24:37.905434+00:00
067310,전기·전자,KSQ150,2026-08-29T15:38:40.222478+00:00
067630,제약,KOSDAQ,2026-09-04T04:24:41.393509+00:00
068240,전기·전자,KOSDAQ,2026-09-04T04:27:17.053188+00:00
068270,제약,KOSPI200,2026-08-29T15:36:18.127087+00:00
068760,제약,KSQ150,2026-08-29T15:38:56.661290+00:00
069080,IT 서비스,KSQ150,2026-09-04T04:24:44.877033+00:00
069500,ETF(실물복제/수익증권),ETF,2026-08-29T15:36:35.195244+00:00
071050,금융,KOSPI200,2026-08-29T15:37:15.528345+00:00
073570,기타제조,KOSDAQ,2026-09-04T04:28:57.168114+00:00
073640,금속,KOSDAQ,2026-09-04T04:29:28.102034+00:00
074600,비금속,KSQ150,2026-09-04T04:24:47.932591+00:00
078130,종이·목재,KOSDAQ,2026-09-04T04:27:01.299711+00:00
078340,IT 서비스,KSQ150,2026-09-04T04:24:51.730883+00:00
078600,전기·전자,KSQ150,2026-08-29T15:39:11.399823+00:00
078930,금융,KOSPI200,2026-08-29T15:37:10.939709+00:00
079370,기계·장비,KOSDAQ,2026-09-04T04:30:55.657615+00:00
079550,금속,KOSPI200,2026-08-29T15:37:00.150621+00:00
080220,전기·전자,KSQ150,2026-08-29T15:38:33.978891+00:00
081660,유통,KOSPI200,2026-09-04T04:26:31.594935+00:00
082270,기계·장비,KSQ150,2026-09-04T04:24:54.061559+00:00
082740,기계·장비,KOSPI200,2026-08-31T03:47:59.861826+00:00
082800,제약,KOSDAQ,2026-09-04T04:31:59.394768+00:00
082920,전기·전자,KSQ150,2026-08-29T15:39:19.927797+00:00
083450,기계·장비,KOSDAQ,2026-08-29T15:39:57.423007+00:00
083650,기계·장비,KSQ150,2026-08-29T15:38:53.844017+00:00
084110,제약,KOSDAQ,2026-09-04T04:24:57.580832+00:00
084370,기계·장비,KSQ150,2026-08-29T15:38:27.119574+00:00
084850,전기·전자,KOSDAQ,2026-09-04T04:25:00.477766+00:00
084990,일반서비스,KOSDAQ,2026-09-04T04:25:03.721133+00:00
085370,UNKNOWN,KOSPI,2026-09-04T04:27:53.653995+00:00
085660,제약,KSQ150,2026-09-04T04:25:08.019935+00:00
086280,운송·창고,KOSPI200,2026-08-29T15:37:01.859178+00:00
086450,제약,KOSDAQ,2026-08-29T15:39:32.427359+00:00
086520,금융,KSQ150,2026-08-29T15:37:59.870733+00:00
086790,금융,KOSPI200,2026-08-29T15:36:20.981365+00:00
086900,제약,KOSDAQ,2026-09-04T04:25:13.491426+00:00
087010,제약,KSQ150,2026-08-29T15:38:11.244215+00:00
088350,보험,KOSPI200,2026-09-04T04:33:58.693222+00:00
088800,전기·전자,KOSDAQ,2026-09-04T04:25:18.861026+00:00
088980,인프라투용,KOSPI,2026-08-31T03:45:40.917798+00:00
089030,기계·장비,KSQ150,2026-08-29T15:38:58.933298+00:00
089970,기계·장비,KSQ150,2026-08-29T15:39:07.453835+00:00
089980,화학,KOSDAQ,2026-09-04T04:25:23.212525+00:00
090360,기계·장비,KSQ150,2026-09-04T04:33:06.067169+00:00
090430,화학,KOSPI200,2026-08-29T15:37:33.150784+00:00
090460,전기·전자,KOSPI,2026-09-04T04:27:44.866023+00:00
090710,기계·장비,KSQ150,2026-09-04T04:28:05.840269+00:00
091120,전기·전자,KOSDAQ,2026-09-04T04:29:39.811325+00:00
091700,전기·전자,KOSDAQ,2026-09-04T04:27:49.591837+00:00
091990,UNKNOWN,KOSPI,2026-08-31T03:45:44.905074+00:00
093320,IT 서비스,KOSDAQ,2026-09-04T04:33:57.294879+00:00
094170,전기·전자,KOSDAQ,2026-09-04T04:29:34.226982+00:00
094360,전기·전자,KOSDAQ,2026-09-04T04:30:16.923208+00:00
095340,유통,KSQ150,2026-08-29T15:38:19.175502+00:00
095500,화학,KOSDAQ,2026-09-04T04:28:36.564196+00:00
095610,기계·장비,KSQ150,2026-08-29T15:38:28.263993+00:00
095660,IT 서비스,KSQ150,2026-09-04T04:26:34.492248+00:00
095700,일반서비스,KOSDAQ,2026-09-04T04:25:27.038557+00:00
096530,제약,KSQ150,2026-08-29T15:38:57.233869+00:00
096770,화학,KOSPI200,2026-08-29T15:36:47.098827+00:00
097950,음식료·담배,KOSPI200,2026-08-31T03:45:48.440991+00:00
098460,기계·장비,KSQ150,2026-08-29T15:38:54.417122+00:00
099190,의료·정밀기기,KOSDAQ,2026-09-04T04:29:19.121160+00:00
099320,운송장비·부품,KSQ150,2026-08-29T15:39:59.116829+00:00
100090,금속,KOSPI,2026-09-04T04:26:47.266550+00:00
100790,금융,KSQ150,2026-08-29T15:39:49.474694+00:00
101360,전기·전자,KOSDAQ,2026-09-04T04:30:46.636520+00:00
101490,전기·전자,KSQ150,2026-08-29T15:39:44.925248+00:00
101670,금속,KOSDAQ,2026-09-04T04:28:38.881347+00:00
101730,IT 서비스,KSQ150,2026-09-04T04:27:39.072477+00:00
102110,ETF(실물복제/수익증권),ETF,2026-08-29T15:37:19.511983+00:00
102710,화학,KOSDAQ,2026-09-04T04:33:00.988143+00:00
102940,제약,KOSDAQ,2026-09-04T04:28:34.549666+00:00
103140,금속,KOSPI200,2026-09-04T04:32:48.368038+00:00
103590,전기·전자,KOSPI,2026-09-04T04:33:45.042242+00:00
105560,금융,KOSPI200,2026-08-29T15:36:07.945125+00:00
106240,전기·전자,KOSDAQ,2026-09-04T04:28:10.338833+00:00
107600,화학,KOSDAQ,2026-09-04T04:28:19.970418+00:00
108320,전기·전자,KOSPI,2026-09-04T04:25:30.447049+00:00
108490,기계·장비,KSQ150,2026-08-29T15:38:20.881082+00:00
108860,IT 서비스,KOSDAQ,2026-09-04T04:28:51.048849+00:00
112040,IT 서비스,KSQ150,2026-08-31T03:47:03.346881+00:00
112610,금속,KOSPI200,2026-08-31T03:47:32.313046+00:00
114190,전기·전자,KOSDAQ,2026-09-04T04:28:53.530825+00:00
114840,화학,KOSDAQ,2026-09-04T04:31:28.792109+00:00
115180,일반서비스,KOSDAQ,2026-09-04T04:33:03.245622+00:00
115450,유통,KOSDAQ,2026-09-04T04:30:39.912021+00:00
119850,전기·전자,KOSDAQ,2026-08-29T15:39:47.204607+00:00
119860,UNKNOWN,KOSPI,2026-09-04T04:28:45.086878+00:00
121600,화학,KSQ150,2026-09-04T04:27:40.128375+00:00
121800,전기·전자,KOSDAQ,2026-09-04T04:27:21.405387+00:00
122870,오락·문화,KSQ150,2026-09-04T04:25:33.967849+00:00
124500,IT 서비스,KSQ150,2026-08-29T15:39:38.692285+00:00
126340,전기·전자,KOSDAQ,2026-09-04T04:33:48.945376+00:00
127120,일반서비스,KOSDAQ,2026-08-29T15:39:20.500708+00:00
128940,제약,KOSPI200,2026-08-29T15:37:54.237517+00:00
131290,의료·정밀기기,KSQ150,2026-08-29T15:38:34.551429+00:00
131970,일반서비스,KSQ150,2026-08-29T15:39:06.881602+00:00
133690,ETF(실물복제/수익증권),ETF,2026-08-29T15:37:13.213059+00:00
136510,UNKNOWN,KOSPI,2026-09-04T04:27:42.899191+00:00
137310,의료·정밀기기,KOSPI200,2026-08-31T03:45:52.169701+00:00
137400,기계·장비,KSQ150,2026-09-04T04:26:58.084033+00:00
138040,금융,KOSPI200,2026-08-29T15:36:44.844451+00:00
138930,금융,KOSPI200,2026-08-31T03:47:57.048166+00:00
139480,유통,KOSPI200,2026-08-31T03:45:55.249152+00:00
140410,일반서비스,KOSDAQ,2026-08-29T15:38:49.884618+00:00
140860,의료·정밀기기,KSQ150,2026-08-29T15:38:56.089513+00:00
141080,일반서비스,KSQ150,2026-08-29T15:38:16.904129+00:00
144510,일반서비스,KOSDAQ,2026-09-04T04:25:37.704575+00:00
145020,제약,KSQ150,2026-08-29T15:38:23.165991+00:00
151860,운송장비·부품,KOSDAQ,2026-09-04T04:27:58.564033+00:00
151910,UNKNOWN,KOSPI,2026-09-04T04:25:41.490347+00:00
160190,전기·전자,KOSDAQ,2026-09-04T04:32:05.760407+00:00
161390,화학,KOSPI200,2026-08-29T15:37:37.704155+00:00
161580,기계·장비,KSQ150,2026-09-04T04:31:09.035927+00:00
166090,전기·전자,KSQ150,2026-08-29T15:39:30.156449+00:00
171090,기계·장비,KSQ150,2026-09-04T04:33:40.011290+00:00
174900,제약,KOSDAQ,2026-09-04T04:33:32.296711+00:00
175330,금융,KOSPI200,2026-08-31T03:47:55.549984+00:00
178320,전기·전자,KSQ150,2026-08-29T15:38:38.508159+00:00
178920,화학,KOSPI,2026-09-04T04:25:43.919991+00:00
180640,금융,KOSPI200,2026-08-29T15:37:34.854700+00:00
182400,제약,KOSDAQ,2026-09-04T04:26:55.547869+00:00
183300,기계·장비,KSQ150,2026-08-29T15:39:18.244187+00:00
183490,제약,KOSDAQ,2026-09-04T04:26:38.671972+00:00
185490,일반서비스,KOSDAQ,2026-09-04T04:26:28.364856+00:00
189300,전기·전자,KSQ150,2026-09-04T04:27:02.796871+00:00
194480,IT 서비스,KSQ150,2026-09-04T04:25:47.025707+00:00
195940,제약,KSQ150,2026-08-29T15:39:24.449273+00:00
196170,일반서비스,KSQ150,2026-08-29T15:37:58.195917+00:00
199800,일반서비스,KOSDAQ,2026-09-04T04:28:32.543738+00:00
200130,제약,KOSDAQ,2026-09-04T04:25:49.557440+00:00
200670,제약,KOSDAQ,2026-09-04T04:32:01.997677+00:00
204270,전기·전자,KSQ150,2026-08-29T15:39:26.143528+00:00
205470,제약,KOSDAQ,2026-09-04T04:27:51.128798+00:00
206560,오락·문화,KOSDAQ,2026-09-04T04:27:27.112594+00:00
206650,제약,KOSDAQ,2026-09-04T04:25:52.822119+00:00
207940,제약,KOSPI200,2026-08-29T15:36:05.683252+00:00
211050,금융,KSQ150,2026-09-04T04:32:44.051768+00:00
213420,전기·전자,KSQ150,2026-09-04T04:25:55.025523+00:00
214150,의료·정밀기기,KSQ150,2026-08-29T15:38:45.896946+00:00
214370,제약,KSQ150,2026-08-29T15:38:27.691842+00:00
214430,전기·전자,KSQ150,2026-09-04T04:32:46.525051+00:00
214450,제약,KSQ150,2026-08-29T15:38:10.097642+00:00
215000,IT 서비스,KOSDAQ,2026-09-04T04:25:57.410003+00:00
215200,일반서비스,KSQ150,2026-09-04T04:25:59.580108+00:00
215600,일반서비스,KOSDAQ,2026-09-04T04:26:01.644733+00:00
217270,IT 서비스,KOSDAQ,2026-09-04T04:26:04.268956+00:00
218410,전기·전자,KSQ150,2026-08-29T15:39:22.186439+00:00
220100,제약,KOSDAQ,2026-09-04T04:31:46.174179+00:00
220630,UNKNOWN,KOSPI,2026-09-04T04:27:52.121446+00:00
222080,기계·장비,KSQ150,2026-09-04T04:26:42.483463+00:00
222800,전기·전자,KSQ150,2026-08-29T15:38:10.669844+00:00
225570,IT 서비스,KSQ150,2026-09-04T04:27:52.895514+00:00
226950,일반서비스,KSQ150,2026-08-29T15:38:42.486387+00:00
228760,일반서비스,KOSDAQ,2026-09-04T04:29:43.869184+00:00
230360,UNKNOWN,KOSPI,2026-09-04T04:26:06.784634+00:00
232140,기계·장비,KSQ150,2026-08-29T15:39:35.851762+00:00
235980,일반서비스,KOSDAQ,2026-09-04T04:26:09.648073+00:00
237690,제약,KSQ150,2026-08-29T15:38:41.916251+00:00
237880,화학,KOSDAQ,2026-09-04T04:31:20.728408+00:00
240810,기계·장비,KSQ150,2026-08-29T15:38:04.431307+00:00
241560,기계·장비,KOSPI200,2026-08-31T03:45:58.162171+00:00
241710,화학,KSQ150,2026-08-29T15:39:02.908143+00:00
247540,전기·전자,KSQ150,2026-08-29T15:38:00.447730+00:00
251270,IT 서비스,KOSPI200,2026-08-31T03:46:00.941907+00:00
251970,화학,KSQ150,2026-09-04T04:31:56.615545+00:00
252990,전기·전자,KOSDAQ,2026-08-29T15:39:56.851751+00:00
253450,오락·문화,KSQ150,2026-09-04T04:26:12.147046+00:00
253590,기계·장비,KSQ150,2026-09-04T04:31:00.060631+00:00
256840,제약,KOSDAQ,2026-09-04T04:26:14.535218+00:00
257720,유통,KSQ150,2026-08-29T15:38:21.452460+00:00
259960,IT 서비스,KOSPI200,2026-08-29T15:37:21.214326+00:00
263750,IT 서비스,KSQ150,2026-08-29T15:38:52.140406+00:00
267250,금융,KOSPI200,2026-08-29T15:36:56.119568+00:00
267260,전기·전자,KOSPI200,2026-08-29T15:36:28.946027+00:00
267270,기계·장비,KOSPI200,2026-08-29T15:37:52.530290+00:00
268600,UNKNOWN,KOSPI,2026-09-04T04:26:16.549127+00:00
270520,일반서비스,KOSDAQ,2026-09-04T04:29:04.418311+00:00
270660,전기·전자,KOSDAQ,2026-09-04T04:30:49.985515+00:00
271560,음식료·담배,KOSPI200,2026-08-31T03:46:04.592634+00:00
272210,전기·전자,KOSPI200,2026-08-29T15:37:05.247388+00:00
272290,전기·전자,KSQ150,2026-09-04T04:26:40.944267+00:00
277810,기계·장비,KSQ150,2026-08-29T15:38:02.167654+00:00
278280,화학,KSQ150,2026-08-31T03:47:14.064754+00:00
278470,화학,KOSPI200,2026-08-29T15:36:54.450257+00:00
278530,ETF(실물복제/수익증권),ETF,2026-08-29T15:37:42.263295+00:00
278650,일반서비스,KOSDAQ,2026-09-04T04:28:01.251250+00:00
281740,화학,KSQ150,2026-09-04T04:29:07.924598+00:00
282330,유통,KOSPI200,2026-08-31T03:47:23.863063+00:00
285130,화학,KOSPI200,2026-08-31T03:46:37.652414+00:00
287410,UNKNOWN,KOSPI,2026-09-04T04:28:43.029452+00:00
287840,일반서비스,KOSDAQ,2026-09-04T04:32:33.770185+00:00
289220,오락·문화,KOSDAQ,2026-09-04T04:26:30.082587+00:00
290510,UNKNOWN,KOSPI,2026-09-04T04:27:54.556900+00:00
290650,제약,KSQ150,2026-08-29T15:39:13.681655+00:00
290670,전기·전자,KOSDAQ,2026-09-04T04:28:41.202141+00:00
291230,일반서비스,KOSDAQ,2026-09-04T04:27:33.892549+00:00
293490,IT 서비스,KSQ150,2026-08-29T15:39:41.543527+00:00
293780,일반서비스,KOSDAQ,2026-09-04T04:26:18.439372+00:00
294090,의료·정밀기기,KOSDAQ,2026-09-04T04:28:03.590665+00:00
294570,IT 서비스,KOSDAQ,2026-09-04T04:26:52.813092+00:00
295310,금속,KSQ150,2026-09-04T04:33:34.778213+00:00
297890,기계·장비,KOSDAQ,2026-09-04T04:31:33.512212+00:00
298020,화학,KOSPI200,2026-09-04T04:26:20.050765+00:00
298040,전기·전자,KOSPI200,2026-08-29T15:36:27.261039+00:00
298050,화학,KOSPI200,2026-08-31T03:46:47.042540+00:00
298380,제약,KSQ150,2026-08-29T15:38:12.939950+00:00
298830,IT 서비스,KOSDAQ,2026-09-04T04:29:16.575174+00:00
299030,기계·장비,KOSDAQ,2026-09-04T04:28:27.261088+00:00
299660,일반서비스,KOSDAQ,2026-09-04T04:26:21.169866+00:00
299900,UNKNOWN,KOSPI,2026-09-04T04:27:11.482014+00:00
302440,제약,KOSPI200,2026-08-31T03:46:08.298097+00:00
304100,IT 서비스,KOSDAQ,2026-09-04T04:32:38.857191+00:00
307750,제약,KOSDAQ,2026-09-04T04:26:59.914483+00:00
307950,IT 서비스,KOSPI200,2026-08-29T15:37:14.955058+00:00
310210,일반서비스,KSQ150,2026-08-29T15:38:24.850873+00:00
314930,의료·정밀기기,KOSDAQ,2026-09-04T04:31:50.403285+00:00
316140,금융,KOSPI200,2026-08-29T15:36:36.895260+00:00
317330,화학,KOSDAQ,2026-09-04T04:30:57.916200+00:00
319400,기계·장비,KSQ150,2026-08-29T15:38:32.268651+00:00
319660,기계·장비,KSQ150,2026-08-29T15:38:17.476246+00:00
323280,기계·장비,KSQ150,2026-08-29T15:39:09.144844+00:00
323410,금융,KOSPI200,2026-08-29T15:37:18.939577+00:00
323990,일반서비스,KOSDAQ,2026-09-04T04:26:22.502240+00:00
326030,일반서비스,KOSPI200,2026-08-29T15:37:50.254544+00:00
328130,IT 서비스,KSQ150,2026-09-04T04:29:09.529663+00:00
329180,운송장비·부품,KOSPI200,2026-08-29T15:36:15.870820+00:00
334970,제약,KOSDAQ,2026-09-04T04:26:53.854425+00:00
335890,UNKNOWN,KOSPI,2026-09-04T04:32:36.236455+00:00
336260,전기·전자,KOSPI,2026-09-04T04:26:49.613137+00:00
336370,전기·전자,KOSPI,2026-09-04T04:27:35.804177+00:00
336570,의료·정밀기기,KOSDAQ,2026-09-04T04:29:12.961393+00:00
338220,IT 서비스,KOSDAQ,2026-09-04T04:29:56.827415+00:00
340570,제약,KOSDAQ,2026-09-04T04:31:41.872277+00:00
347700,IT 서비스,KOSDAQ,2026-08-29T15:39:28.425144+00:00
347850,일반서비스,KSQ150,2026-08-29T15:38:37.936996+00:00
348210,기계·장비,KSQ150,2026-09-04T04:27:59.839522+00:00
348340,기계·장비,KOSDAQ,2026-09-04T04:33:37.495403+00:00
348370,화학,KSQ150,2026-08-31T03:47:52.007318+00:00
352480,화학,KSQ150,2026-09-04T04:29:54.088594+00:00
352820,오락·문화,KOSPI200,2026-08-29T15:37:40.560798+00:00
353200,전기·전자,KOSPI,2026-08-31T03:48:07.229102+00:00
354320,금속,KOSDAQ,2026-09-04T04:29:23.465085+00:00
356860,전기·전자,KOSDAQ,2026-08-29T15:39:34.154433+00:00
357780,화학,KSQ150,2026-08-29T15:38:29.971128+00:00
358570,일반서비스,KSQ150,2026-09-04T04:30:01.554359+00:00
360070,전기·전자,KOSDAQ,2026-09-04T04:28:54.940150+00:00
360750,ETF(실물복제/수익증권),ETF,2026-08-29T15:36:43.147074+00:00
361610,전기·전자,KOSPI200,2026-08-31T03:46:12.589609+00:00
365340,화학,KOSDAQ,2026-09-04T04:28:16.280429+00:00
372170,기계·장비,KOSDAQ,2026-09-04T04:28:52.356047+00:00
373220,전기·전자,KOSPI200,2026-08-29T15:36:03.412784+00:00
376300,IT 서비스,KSQ150,2026-09-04T04:27:24.835508+00:00
376900,제약,KOSDAQ,2026-09-04T04:33:16.178078+00:00
377030,IT 서비스,KOSDAQ,2026-09-04T04:27:29.296506+00:00
377300,금융,KOSPI200,2026-08-29T15:37:56.502966+00:00
378340,기계·장비,KOSDAQ,2026-09-04T04:29:31.253794+00:00
379800,ETF(실물복제/수익증권),ETF,2026-08-29T15:37:22.907351+00:00
379810,ETF(실물복제/수익증권),ETF,2026-08-29T15:37:30.875053+00:00
382840,기계·장비,KOSDAQ,2026-09-04T04:28:08.133786+00:00
383220,섬유·의류,KOSPI200,2026-08-31T03:46:16.612242+00:00
383310,화학,KOSDAQ,2026-09-04T04:26:44.897145+00:00
388210,전기·전자,KOSDAQ,2026-09-04T04:33:18.897979+00:00
388720,기계·장비,KSQ150,2026-09-04T04:32:18.313459+00:00
389020,전기·전자,KOSDAQ,2026-09-04T04:31:12.812843+00:00
389470,일반서비스,KOSDAQ,2026-09-04T04:32:24.930756+00:00
393890,전기·전자,KOSDAQ,2026-09-04T04:28:30.527948+00:00
394280,IT 서비스,KOSDAQ,2026-09-04T04:30:43.020650+00:00
396500,ETF(실물복제/수익증권),ETF,2026-08-29T15:37:29.170557+00:00
397030,일반서비스,KOSDAQ,2026-09-04T04:33:09.822312+00:00
399720,전기·전자,KSQ150,2026-09-04T04:30:29.337478+00:00
402030,IT 서비스,KOSDAQ,2026-09-04T04:28:47.415500+00:00
402340,금융,KOSPI200,2026-08-29T15:36:01.151039+00:00
403870,기계·장비,KSQ150,2026-08-29T15:38:13.510248+00:00
417010,기계·장비,KOSDAQ,2026-09-04T04:28:59.277075+00:00
417200,전기·전자,KSQ150,2026-09-04T04:30:11.264966+00:00
418550,일반서비스,KOSDAQ,2026-09-04T04:28:49.262504+00:00
419530,오락·문화,KOSDAQ,2026-09-04T04:32:30.798013+00:00
420770,기계·장비,KSQ150,2026-08-29T15:39:15.937221+00:00
424870,일반서비스,KOSDAQ,2026-09-04T04:33:26.464208+00:00
437730,운송장비·부품,KSQ150,2026-08-29T15:39:31.852675+00:00
439090,화학,KOSDAQ,2026-09-04T04:29:17.865986+00:00
439260,운송장비·부품,KOSPI,2026-09-04T04:32:50.461420+00:00
439960,의료·정밀기기,KOSDAQ,2026-09-04T04:33:51.065228+00:00
440110,전기·전자,KOSDAQ,2026-08-29T15:38:25.423354+00:00
443060,일반서비스,KOSPI200,2026-08-29T15:37:23.483847+00:00
445090,전기·전자,KOSDAQ,2026-09-04T04:30:52.890983+00:00
445680,의료·정밀기기,KSQ150,2026-08-29T15:39:36.425336+00:00
448280,일반서비스,KOSDAQ,2026-09-04T04:30:05.645822+00:00
450080,전기·전자,KOSPI200,2026-08-31T03:47:47.238695+00:00
454910,기계·장비,KOSPI200,2026-08-31T03:47:45.584645+00:00
455900,기계·장비,KOSDAQ,2026-09-04T04:31:02.717090+00:00
456160,제약,KOSDAQ,2026-09-04T04:32:54.955808+00:00
458870,의료·정밀기기,KOSDAQ,2026-08-29T15:39:51.169163+00:00
459580,ETF,ETF,2026-08-29T15:37:55.929978+00:00
460930,운송장비·부품,KOSDAQ,2026-09-04T04:30:35.634462+00:00
462870,IT 서비스,KOSPI,2026-08-31T03:47:54.223631+00:00
466100,IT 서비스,KSQ150,2026-09-04T04:32:58.957915+00:00
468530,일반서비스,KOSDAQ,2026-09-04T04:33:23.882877+00:00
475830,제약,KSQ150,2026-08-29T15:39:13.107028+00:00
476060,일반서비스,KOSDAQ,2026-09-04T04:33:21.517016+00:00
476830,일반서비스,KOSDAQ,2026-08-29T15:39:43.222893+00:00
477850,IT 서비스,KOSDAQ,2026-09-04T04:33:52.678358+00:00
484590,금속,KOSDAQ,2026-09-04T04:32:52.553876+00:00
486990,IT 서비스,KOSDAQ,2026-09-04T04:33:13.309467+00:00
488770,ETF(Active/수익증권),ETF,2026-08-29T15:37:35.426237+00:00
490470,일반서비스,KOSDAQ,2026-09-04T04:33:29.514152+00:00
491000,의료·정밀기기,KOSDAQ,2026-08-29T15:39:53.463203+00:00
493280,일반서비스,KOSDAQ,2026-09-04T04:33:42.906210+00:00
950130,UNKNOWN,KOSDAQ,2026-09-04T04:26:24.306992+00:00
950160,UNKNOWN,KOSDAQ,2026-08-29T15:42:44.120977+00:00
950180,UNKNOWN,KOSPI,2026-09-04T04:27:47.981160+00:00
950220,UNKNOWN,KOSDAQ,2026-09-04T04:26:25.520036+00:00
950260,UNKNOWN,KOSDAQ,2026-08-29T15:42:44.696302+00:00
